--
-- PostgreSQL database dump
--

-- Dumped from database version 12.3
-- Dumped by pg_dump version 12.3

SET statement_timeout = 0;
SET lock_timeout = 0;
SET idle_in_transaction_session_timeout = 0;
SET client_encoding = 'UTF8';
SET standard_conforming_strings = on;
SELECT pg_catalog.set_config('search_path', '', false);
SET check_function_bodies = false;
SET xmloption = content;
SET client_min_messages = warning;
SET row_security = off;

ALTER TABLE ONLY public.contact_entity DROP CONSTRAINT fksm80nglvu22944hvt9heduqe1;
ALTER TABLE ONLY public.group_admin DROP CONSTRAINT fks846qel5x56rdfgglwy0w30om;
ALTER TABLE ONLY public.user_entity_contacts DROP CONSTRAINT fkraxh76r880jgn6sfkq7cf8y6u;
ALTER TABLE ONLY public.group_admin DROP CONSTRAINT fkn3yybd23autxc2m4ayh5gv7p5;
ALTER TABLE ONLY public.user_entity_event DROP CONSTRAINT fkl1niev4g4sqf7c08iwia92h38;
ALTER TABLE ONLY public.user_entity_contacts DROP CONSTRAINT fkjp0x2dndefsck9c74yx6wmpsr;
ALTER TABLE ONLY public.contact_entity DROP CONSTRAINT fke3neid54axsilgm6lenmlvc5e;
ALTER TABLE ONLY public.group_user DROP CONSTRAINT fkab9avuigqal9jtmrghwch02jw;
ALTER TABLE ONLY public.user_entity_event DROP CONSTRAINT fk9p13qqm7lxue7g0yy8g8yfkl9;
ALTER TABLE ONLY public.group_user DROP CONSTRAINT fk87eg2b7qrteyud625p5d3d3no;
ALTER TABLE ONLY public.user_roles DROP CONSTRAINT fk6y02653x6ebhsu2plf21ard62;
ALTER TABLE ONLY public.token_blacklist DROP CONSTRAINT fk32f68egf19iuhqycb9bkbh5at;
ALTER TABLE ONLY public.user_entity DROP CONSTRAINT user_entity_pkey;
ALTER TABLE ONLY public.user_entity_event DROP CONSTRAINT user_entity_event_pkey;
ALTER TABLE ONLY public.user_entity_contacts DROP CONSTRAINT user_entity_contacts_pkey;
ALTER TABLE ONLY public.user_entity DROP CONSTRAINT uk_4xad1enskw4j1t2866f7sodrx;
ALTER TABLE ONLY public.user_entity DROP CONSTRAINT uk_2jsk4eakd0rmvybo409wgwxuw;
ALTER TABLE ONLY public.token_blacklist DROP CONSTRAINT token_blacklist_pkey;
ALTER TABLE ONLY public.group_user DROP CONSTRAINT group_user_pkey;
ALTER TABLE ONLY public.group_entity DROP CONSTRAINT group_entity_pkey;
ALTER TABLE ONLY public.group_admin DROP CONSTRAINT group_admin_pkey;
ALTER TABLE ONLY public.event DROP CONSTRAINT event_pkey;
ALTER TABLE ONLY public.contact_entity DROP CONSTRAINT contact_entity_pkey;
DROP TABLE public.user_roles;
DROP TABLE public.user_entity_event;
DROP TABLE public.user_entity_contacts;
DROP TABLE public.user_entity;
DROP TABLE public.token_blacklist;
DROP SEQUENCE public.hibernate_sequence;
DROP TABLE public.group_user;
DROP TABLE public.group_entity;
DROP TABLE public.group_admin;
DROP TABLE public.event;
DROP TABLE public.contact_entity;
SET default_tablespace = '';

SET default_table_access_method = heap;

--
-- Name: contact_entity; Type: TABLE; Schema: public; Owner: eugene
--

CREATE TABLE public.contact_entity (
    id bigint NOT NULL,
    accepted boolean NOT NULL,
    receiver_id bigint,
    sender_id bigint
);


ALTER TABLE public.contact_entity OWNER TO eugene;

--
-- Name: event; Type: TABLE; Schema: public; Owner: eugene
--

CREATE TABLE public.event (
    id bigint NOT NULL,
    date timestamp without time zone,
    description character varying(255),
    location character varying(255),
    title character varying(255),
    date_created timestamp without time zone,
    private boolean
);


ALTER TABLE public.event OWNER TO eugene;

--
-- Name: group_admin; Type: TABLE; Schema: public; Owner: eugene
--

CREATE TABLE public.group_admin (
    admin_id bigint NOT NULL,
    id bigint NOT NULL
);


ALTER TABLE public.group_admin OWNER TO eugene;

--
-- Name: group_entity; Type: TABLE; Schema: public; Owner: eugene
--

CREATE TABLE public.group_entity (
    id bigint NOT NULL,
    description character varying(255),
    title character varying(255) NOT NULL
);


ALTER TABLE public.group_entity OWNER TO eugene;

--
-- Name: group_user; Type: TABLE; Schema: public; Owner: eugene
--

CREATE TABLE public.group_user (
    user_id bigint NOT NULL,
    id bigint NOT NULL
);


ALTER TABLE public.group_user OWNER TO eugene;

--
-- Name: hibernate_sequence; Type: SEQUENCE; Schema: public; Owner: eugene
--

CREATE SEQUENCE public.hibernate_sequence
    START WITH 1
    INCREMENT BY 1
    NO MINVALUE
    NO MAXVALUE
    CACHE 1;


ALTER TABLE public.hibernate_sequence OWNER TO eugene;

--
-- Name: token_blacklist; Type: TABLE; Schema: public; Owner: eugene
--

CREATE TABLE public.token_blacklist (
    id bigint NOT NULL,
    date timestamp without time zone,
    token character varying(255),
    user_id bigint
);


ALTER TABLE public.token_blacklist OWNER TO eugene;

--
-- Name: user_entity; Type: TABLE; Schema: public; Owner: eugene
--

CREATE TABLE public.user_entity (
    id bigint NOT NULL,
    displayname character varying(255) NOT NULL,
    email character varying(255) NOT NULL,
    enabled boolean NOT NULL,
    fullname character varying(255) NOT NULL,
    gender character varying(255) NOT NULL,
    password character varying(255),
    username character varying(30) NOT NULL,
    reset_token character varying(255)
);


ALTER TABLE public.user_entity OWNER TO eugene;

--
-- Name: user_entity_contacts; Type: TABLE; Schema: public; Owner: eugene
--

CREATE TABLE public.user_entity_contacts (
    user_id bigint NOT NULL,
    contacts_id bigint NOT NULL
);


ALTER TABLE public.user_entity_contacts OWNER TO eugene;

--
-- Name: user_entity_event; Type: TABLE; Schema: public; Owner: eugene
--

CREATE TABLE public.user_entity_event (
    user_id bigint NOT NULL,
    id bigint NOT NULL
);


ALTER TABLE public.user_entity_event OWNER TO eugene;

--
-- Name: user_roles; Type: TABLE; Schema: public; Owner: eugene
--

CREATE TABLE public.user_roles (
    user_id bigint NOT NULL,
    roles integer
);


ALTER TABLE public.user_roles OWNER TO eugene;

--
-- Data for Name: contact_entity; Type: TABLE DATA; Schema: public; Owner: eugene
--

COPY public.contact_entity (id, accepted, receiver_id, sender_id) FROM stdin;
12	f	5	7
13	t	5	10
15	f	9	5
\.


--
-- Data for Name: event; Type: TABLE DATA; Schema: public; Owner: eugene
--

COPY public.event (id, date, description, location, title, date_created, private) FROM stdin;
17	2020-09-17 12:00:00	Gaming stream on the twitch channel	twitch/...	Gaming stream	2020-08-03 18:42:16.226	f
\.


--
-- Data for Name: group_admin; Type: TABLE DATA; Schema: public; Owner: eugene
--

COPY public.group_admin (admin_id, id) FROM stdin;
18	9
18	5
19	9
\.


--
-- Data for Name: group_entity; Type: TABLE DATA; Schema: public; Owner: eugene
--

COPY public.group_entity (id, description, title) FROM stdin;
18	Group for stalker fans	Stalker fans
19	Some group	Test group
\.


--
-- Data for Name: group_user; Type: TABLE DATA; Schema: public; Owner: eugene
--

COPY public.group_user (user_id, id) FROM stdin;
18	8
18	10
19	7
19	10
\.


--
-- Data for Name: token_blacklist; Type: TABLE DATA; Schema: public; Owner: eugene
--

COPY public.token_blacklist (id, date, token, user_id) FROM stdin;
6	2020-08-01 17:36:44.378	eyJhbGciOiJIUzI1NiJ9.eyJzdWIiOiJzdGFsa2VyIiwiYXV0aCI6W3siYXV0aG9yaXR5IjoiUk9MRV9BRE1JTiJ9XSwiaWF0IjoxNTk2MjkyMjgwLCJleHAiOjE1OTY4OTcwODB9.1HdoRBpq-MaF_ftlr7tvi9qacDUcrYfBihD8lIdMdh8	5
16	2020-08-03 18:37:16.695	eyJhbGciOiJIUzI1NiJ9.eyJzdWIiOiJzdGFsa2VyIiwiYXV0aCI6W3siYXV0aG9yaXR5IjoiUk9MRV9BRE1JTiJ9XSwiaWF0IjoxNTk2MjkyNjE5LCJleHAiOjE1OTY4OTc0MTl9.MsWpeUqsv0ijM2hTqD2-9j4wB7Jn5io92XzlH5oB4f0	5
20	2020-08-03 18:46:06.071	eyJhbGciOiJIUzI1NiJ9.eyJzdWIiOiJzYWJlciIsImF1dGgiOlt7ImF1dGhvcml0eSI6IlJPTEVfQ0xJRU5UIn1dLCJpYXQiOjE1OTY0NjkwNTEsImV4cCI6MTU5NzA3Mzg1MX0.3VGBHk1yZwILeTvog7l2jG_GRH86NMp0SdlxJuKOWYQ	9
21	2020-08-18 22:05:35.995	eyJhbGciOiJIUzI1NiJ9.eyJzdWIiOiJzdGFsa2VyIiwiYXV0aCI6W3siYXV0aG9yaXR5IjoiUk9MRV9BRE1JTiJ9XSwiaWF0IjoxNTk3NzcwODQwLCJleHAiOjE1OTgzNzU2NDB9.0vyadXyODc8KiTlGKR6RdbWfHDe0z0TMfYgmU5Vggd4	5
24	2020-08-24 18:04:27.175	eyJhbGciOiJIUzI1NiJ9.eyJzdWIiOiJwdXJwbGVfYmFsbCIsImF1dGgiOlt7ImF1dGhvcml0eSI6IlJPTEVfQ0xJRU5UIn1dLCJpYXQiOjE1OTgyODE0MTIsImV4cCI6MTU5ODg4NjIxMn0.u3YH_a893GF36pbX6iPiQLkKZPakdaXIjWunjqEYS4E	23
25	2020-08-24 22:13:36.835	eyJhbGciOiJIUzI1NiJ9.eyJzdWIiOiJzdGFsa2VyIiwiYXV0aCI6W3siYXV0aG9yaXR5IjoiUk9MRV9BRE1JTiJ9XSwiaWF0IjoxNTk4MjgxNTUxLCJleHAiOjE1OTg4ODYzNTF9.-se6lMZoYRu4x5qAFAfo6vo3AtXGP-7wgjLjEfgbQ9k	5
26	2020-08-24 22:22:21.129	eyJhbGciOiJIUzI1NiJ9.eyJzdWIiOiJzdGFsa2VyIiwiYXV0aCI6W3siYXV0aG9yaXR5IjoiUk9MRV9BRE1JTiJ9XSwiaWF0IjoxNTk4Mjk2OTI3LCJleHAiOjE1OTg5MDE3Mjd9.yC7z1hu0V-pZnAyD7XN4iDGDBoEkCPmTEsB7c9JmmyE	5
27	2020-08-24 22:22:54.397	eyJhbGciOiJIUzI1NiJ9.eyJzdWIiOiJzdGFsa2VyIiwiYXV0aCI6W3siYXV0aG9yaXR5IjoiUk9MRV9BRE1JTiJ9XSwiaWF0IjoxNTk4Mjk2OTYxLCJleHAiOjE1OTg5MDE3NjF9.SGh2pvqJb9wq6bofxStSn8EiLvrQpaaLQBLNfHVrTJo	5
28	2020-08-24 22:23:00.055	eyJhbGciOiJIUzI1NiJ9.eyJzdWIiOiJzdGFsa2VyIiwiYXV0aCI6W3siYXV0aG9yaXR5IjoiUk9MRV9BRE1JTiJ9XSwiaWF0IjoxNTk4Mjk2OTc4LCJleHAiOjE1OTg5MDE3Nzh9.znpYPfdOFHeSXF1R4dMmWXUELUqXcm00ui5ifseFIUg	5
29	2020-08-24 22:31:37.356	eyJhbGciOiJIUzI1NiJ9.eyJzdWIiOiJzdGFsa2VyIiwiYXV0aCI6W3siYXV0aG9yaXR5IjoiUk9MRV9BRE1JTiJ9XSwiaWF0IjoxNTk4Mjk3MDI1LCJleHAiOjE1OTg5MDE4MjV9.pjt6WprlqPRNHxpccYfay_tjKB9S66TFoSwVLi8rvY8	5
30	2020-08-25 21:16:51.102	eyJhbGciOiJIUzI1NiJ9.eyJzdWIiOiJzdGFsa2VyIiwiYXV0aCI6W3siYXV0aG9yaXR5IjoiUk9MRV9BRE1JTiJ9XSwiaWF0IjoxNTk4Mzc4Nzg4LCJleHAiOjE1OTg5ODM1ODh9.0MXOQATyUO1tYxnOxwc4XAASLY5acsxMfSczC9qY4tM	5
31	2020-08-25 21:31:28.002	eyJhbGciOiJIUzI1NiJ9.eyJzdWIiOiJzdGFsa2VyIiwiYXV0aCI6W3siYXV0aG9yaXR5IjoiUk9MRV9BRE1JTiJ9XSwiaWF0IjoxNTk4MzgwMjU3LCJleHAiOjE1OTg5ODUwNTd9.IguICv1IoXm6N0BYgb_-aIDOkFWTsMIcIeba0uEWunw	5
32	2020-08-25 21:36:25.19	eyJhbGciOiJIUzI1NiJ9.eyJzdWIiOiJwdXJwbGVfYmFsbCIsImF1dGgiOlt7ImF1dGhvcml0eSI6IlJPTEVfQ0xJRU5UIn1dLCJpYXQiOjE1OTgzODA1NzYsImV4cCI6MTU5ODk4NTM3Nn0.V1CtVGbBq8Hn8-j5KjWIPDiqxp948Zg0KFRZ4NwpmnU	23
33	2020-08-25 21:39:52.607	eyJhbGciOiJIUzI1NiJ9.eyJzdWIiOiJwdXJwbGVfYmFsbCIsImF1dGgiOlt7ImF1dGhvcml0eSI6IlJPTEVfQ0xJRU5UIn1dLCJpYXQiOjE1OTgzODA3ODIsImV4cCI6MTU5ODk4NTU4Mn0.iPu8mc0pnTxi43fW0K4fI1D3gsgCLcCF-MsPtkffAgA	23
34	2020-08-25 21:41:14.388	eyJhbGciOiJIUzI1NiJ9.eyJzdWIiOiJzdGFsa2VyIiwiYXV0aCI6W3siYXV0aG9yaXR5IjoiUk9MRV9BRE1JTiJ9XSwiaWF0IjoxNTk4MzgwNzk3LCJleHAiOjE1OTg5ODU1OTd9.AtLwkINAoLH-ZOOAdC6-dsOEYoaQ4oQi4IYSWfPYh8Q	5
35	2020-08-25 21:41:36.674	eyJhbGciOiJIUzI1NiJ9.eyJzdWIiOiJwdXJwbGVfYmFsbCIsImF1dGgiOlt7ImF1dGhvcml0eSI6IlJPTEVfQ0xJRU5UIn1dLCJpYXQiOjE1OTgzODA4ODksImV4cCI6MTU5ODk4NTY4OX0.p9uN-grJEZ7AJOOCwsE4eQof4WwtkIZoAHfxoV0Nh54	23
36	2020-08-25 21:55:29.027	eyJhbGciOiJIUzI1NiJ9.eyJzdWIiOiJwdXJwbGVfYmFsbCIsImF1dGgiOlt7ImF1dGhvcml0eSI6IlJPTEVfQ0xJRU5UIn1dLCJpYXQiOjE1OTgzODE3MTUsImV4cCI6MTU5ODk4NjUxNX0.hSqYPmYIncd-R5xkB4hlDOlrbIdvU0UCVByRGH_GSCA	23
37	2020-08-25 21:58:28.663	eyJhbGciOiJIUzI1NiJ9.eyJzdWIiOiJzdGFsa2VyIiwiYXV0aCI6W3siYXV0aG9yaXR5IjoiUk9MRV9BRE1JTiJ9XSwiaWF0IjoxNTk4MzgxODc3LCJleHAiOjE1OTg5ODY2Nzd9.8T6cqySw_JpZ0acScgKpGbqsWFt9uC625atlh_jir8A	5
38	2020-08-25 22:03:20.466	eyJhbGciOiJIUzI1NiJ9.eyJzdWIiOiJwdXJwbGVfYmFsbCIsImF1dGgiOlt7ImF1dGhvcml0eSI6IlJPTEVfQ0xJRU5UIn1dLCJpYXQiOjE1OTgzODE5OTksImV4cCI6MTU5ODk4Njc5OX0.MKYDQGjKB9xJuEAh0A-G55m7G3m-_o9TkVHGR6Acruc	23
39	2020-08-25 22:07:42.073	eyJhbGciOiJIUzI1NiJ9.eyJzdWIiOiJwdXJwbGVfYmFsbCIsImF1dGgiOlt7ImF1dGhvcml0eSI6IlJPTEVfQ0xJRU5UIn1dLCJpYXQiOjE1OTgzODI0NTMsImV4cCI6MTU5ODk4NzI1M30.VcmZo0fDon3SrvebeiV7MuTj-n34WsG91QmBwJnj53g	23
40	2020-08-25 22:08:47.701	eyJhbGciOiJIUzI1NiJ9.eyJzdWIiOiJwdXJwbGVfYmFsbCIsImF1dGgiOlt7ImF1dGhvcml0eSI6IlJPTEVfQ0xJRU5UIn1dLCJpYXQiOjE1OTgzODI1MjUsImV4cCI6MTU5ODk4NzMyNX0.z7doUG1Xw_2qZpE8G29h8VJDeEzMN5yQ1lbKDMnWTUo	23
41	2020-08-25 22:09:17.032	eyJhbGciOiJIUzI1NiJ9.eyJzdWIiOiJwdXJwbGVfYmFsbCIsImF1dGgiOlt7ImF1dGhvcml0eSI6IlJPTEVfQ0xJRU5UIn1dLCJpYXQiOjE1OTgzODI1NDMsImV4cCI6MTU5ODk4NzM0M30.FSi_yl9zvmI4a5tjQXfiC-rTNIUEWNNpWzLKKnoxxxQ	23
42	2020-08-25 22:11:32.695	eyJhbGciOiJIUzI1NiJ9.eyJzdWIiOiJwdXJwbGVfYmFsbCIsImF1dGgiOlt7ImF1dGhvcml0eSI6IlJPTEVfQ0xJRU5UIn1dLCJpYXQiOjE1OTgzODI2OTAsImV4cCI6MTU5ODk4NzQ5MH0.vmVrA-6k_JngB-DLRpHHgEbV6IbEcr3tWeM23bgtIaQ	23
43	2020-08-25 22:14:00.937	eyJhbGciOiJIUzI1NiJ9.eyJzdWIiOiJwdXJwbGVfYmFsbCIsImF1dGgiOlt7ImF1dGhvcml0eSI6IlJPTEVfQ0xJRU5UIn1dLCJpYXQiOjE1OTgzODI4MzcsImV4cCI6MTU5ODk4NzYzN30.PbI0qmhNYtK4IMV_TeGtkQx-ynUCVp2K0Ws91GxTZNY	23
44	2020-08-25 22:15:02.74	eyJhbGciOiJIUzI1NiJ9.eyJzdWIiOiJwdXJwbGVfYmFsbCIsImF1dGgiOlt7ImF1dGhvcml0eSI6IlJPTEVfQ0xJRU5UIn1dLCJpYXQiOjE1OTgzODI4OTgsImV4cCI6MTU5ODk4NzY5OH0.ntIYsRaXt_uGC3MUevZNZZ18ozkdzHjnXCcUNmemYg8	23
45	2020-08-25 22:18:02.779	eyJhbGciOiJIUzI1NiJ9.eyJzdWIiOiJzdGFsa2VyIiwiYXV0aCI6W3siYXV0aG9yaXR5IjoiUk9MRV9BRE1JTiJ9XSwiaWF0IjoxNTk4MzgzMDgwLCJleHAiOjE1OTg5ODc4ODB9.-bI3S3SWraRTjwMFuzutCictFROjzSaZtoV8Bzseq4Q	5
46	2020-08-25 22:18:30.816	eyJhbGciOiJIUzI1NiJ9.eyJzdWIiOiJzdGFsa2VyIiwiYXV0aCI6W3siYXV0aG9yaXR5IjoiUk9MRV9BRE1JTiJ9XSwiaWF0IjoxNTk4MzgzMTA4LCJleHAiOjE1OTg5ODc5MDh9.fQ52i1WuwRFnS7QAibbz4ZQUtkohppTPa2AylTe9MyU	5
47	2020-08-25 22:20:12.903	eyJhbGciOiJIUzI1NiJ9.eyJzdWIiOiJzdGFsa2VyIiwiYXV0aCI6W3siYXV0aG9yaXR5IjoiUk9MRV9BRE1JTiJ9XSwiaWF0IjoxNTk4MzgzMTUzLCJleHAiOjE1OTg5ODc5NTN9.NEqniVxIucBc-oET-XiaR6LJOmboIQNKx7A97BuTyBc	5
48	2020-08-25 22:22:48.569	eyJhbGciOiJIUzI1NiJ9.eyJzdWIiOiJzdGFsa2VyIiwiYXV0aCI6W3siYXV0aG9yaXR5IjoiUk9MRV9BRE1JTiJ9XSwiaWF0IjoxNTk4MzgzMDAxLCJleHAiOjE1OTg5ODc4MDF9.FnvXlMA0kRpWMVPiVZNjFf0TEFP2E7kGAGUjC4qF0Zs	5
49	2020-08-25 22:24:16.283	eyJhbGciOiJIUzI1NiJ9.eyJzdWIiOiJzdGFsa2VyIiwiYXV0aCI6W3siYXV0aG9yaXR5IjoiUk9MRV9BRE1JTiJ9XSwiaWF0IjoxNTk4MzgzNDUwLCJleHAiOjE1OTg5ODgyNTB9.MFJuuomFemyYncp04HV2MY6aa4ft0Q8U1kllC5uOIQU	5
50	2020-08-25 22:25:36.925	eyJhbGciOiJIUzI1NiJ9.eyJzdWIiOiJzdGFsa2VyIiwiYXV0aCI6W3siYXV0aG9yaXR5IjoiUk9MRV9BRE1JTiJ9XSwiaWF0IjoxNTk4MzgzNTM0LCJleHAiOjE1OTg5ODgzMzR9.HmVUsWY0SzQAX6kXNuEsqHFEYEj78ev19t3dZavkiLw	5
51	2020-08-25 22:30:20.578	eyJhbGciOiJIUzI1NiJ9.eyJzdWIiOiJzdGFsa2VyIiwiYXV0aCI6W3siYXV0aG9yaXR5IjoiUk9MRV9BRE1JTiJ9XSwiaWF0IjoxNTk4MzgzODE2LCJleHAiOjE1OTg5ODg2MTZ9.gcXVEscrdDvNLxQPZJhMzKTVortKDbNXcy__zt3EFA0	5
52	2020-08-25 22:31:18.783	eyJhbGciOiJIUzI1NiJ9.eyJzdWIiOiJzdGFsa2VyIiwiYXV0aCI6W3siYXV0aG9yaXR5IjoiUk9MRV9BRE1JTiJ9XSwiaWF0IjoxNTk4MzgzODc3LCJleHAiOjE1OTg5ODg2Nzd9.cVTnA0aHUdBxBoVF2UhRXouP0DhWMbqR35M4-hk2gPI	5
53	2020-08-25 22:35:07.691	eyJhbGciOiJIUzI1NiJ9.eyJzdWIiOiJzdGFsa2VyIiwiYXV0aCI6W3siYXV0aG9yaXR5IjoiUk9MRV9BRE1JTiJ9XSwiaWF0IjoxNTk4MzgzOTc0LCJleHAiOjE1OTg5ODg3NzR9.J-1h0YwMQFbl5KZ_2kE0fTjbi-yyXmTy51qWhBQuquI	5
54	2020-08-25 22:35:48.688	eyJhbGciOiJIUzI1NiJ9.eyJzdWIiOiJzdGFsa2VyIiwiYXV0aCI6W3siYXV0aG9yaXR5IjoiUk9MRV9BRE1JTiJ9XSwiaWF0IjoxNTk4Mzg0MTE3LCJleHAiOjE1OTg5ODg5MTd9.C278srYBnrBciqo3zUAF5EdHftmGLDDOLEapJQPoDns	5
55	2020-08-25 22:36:51.905	eyJhbGciOiJIUzI1NiJ9.eyJzdWIiOiJzdGFsa2VyIiwiYXV0aCI6W3siYXV0aG9yaXR5IjoiUk9MRV9BRE1JTiJ9XSwiaWF0IjoxNTk4Mzg0MTgwLCJleHAiOjE1OTg5ODg5ODB9.1C-VthllajdyGDjyKwQZmoQm1valAsSnq2KKpzE_zMU	5
56	2020-08-25 22:43:46.225	eyJhbGciOiJIUzI1NiJ9.eyJzdWIiOiJzdGFsa2VyIiwiYXV0aCI6W3siYXV0aG9yaXR5IjoiUk9MRV9BRE1JTiJ9XSwiaWF0IjoxNTk4Mzg0Mjk5LCJleHAiOjE1OTg5ODkwOTl9.OcqYycEdj1eGc0mOlp_ZyeLwHz6OjmfX_sE6IyQtRY8	5
57	2020-08-25 23:30:13.477	eyJhbGciOiJIUzI1NiJ9.eyJzdWIiOiJzdGFsa2VyIiwiYXV0aCI6W3siYXV0aG9yaXR5IjoiUk9MRV9BRE1JTiJ9XSwiaWF0IjoxNTk4Mzg3MzgxLCJleHAiOjE1OTg5OTIxODF9.se08mvpPi5WYDjLIi_ZxtFQP_GbM85ow531XoMhKu4M	5
58	2020-08-25 23:31:31.667	eyJhbGciOiJIUzI1NiJ9.eyJzdWIiOiJzdGFsa2VyIiwiYXV0aCI6W3siYXV0aG9yaXR5IjoiUk9MRV9BRE1JTiJ9XSwiaWF0IjoxNTk4Mzg3NDgzLCJleHAiOjE1OTg5OTIyODN9.79uRM-0lJmuo3d8yce0o1KGsa-ZATQaHLdX9xQ1Uc3c	5
59	2020-08-25 23:31:44.938	eyJhbGciOiJIUzI1NiJ9.eyJzdWIiOiJwdXJwbGVfYmFsbCIsImF1dGgiOlt7ImF1dGhvcml0eSI6IlJPTEVfQ0xJRU5UIn1dLCJpYXQiOjE1OTgzODc0OTYsImV4cCI6MTU5ODk5MjI5Nn0.oOH8uD2WFw2LUOO0QMtL4QTJKQVcgD4H0q77MbfzCQs	23
60	2020-08-25 23:34:03.916	eyJhbGciOiJIUzI1NiJ9.eyJzdWIiOiJzdGFsa2VyIiwiYXV0aCI6W3siYXV0aG9yaXR5IjoiUk9MRV9BRE1JTiJ9XSwiaWF0IjoxNTk4Mzg3NTE4LCJleHAiOjE1OTg5OTIzMTh9.vxg9xPe5wKbYVNW0sSLitKlAxH9Qg5kxNSLgPVZLQf0	5
61	2020-08-25 23:34:23.451	eyJhbGciOiJIUzI1NiJ9.eyJzdWIiOiJwdXJwbGVfYmFsbCIsImF1dGgiOlt7ImF1dGhvcml0eSI6IlJPTEVfQ0xJRU5UIn1dLCJpYXQiOjE1OTgzODc2NTUsImV4cCI6MTU5ODk5MjQ1NX0.R7a-1BeFJ8-lY_gbgbjZ_GmNr6Dhw6Ymdtweqdw9qAA	23
\.


--
-- Data for Name: user_entity; Type: TABLE DATA; Schema: public; Owner: eugene
--

COPY public.user_entity (id, displayname, email, enabled, fullname, gender, password, username, reset_token) FROM stdin;
7	Raider	yevhen.ostashko@nure.ua	t	Jack Black	MALE	$2a$12$S8z.txyU0SlFCYzgv8xbZuKPiks.wYFeBPwJc4gaYDHh380Stw85K	raider	\N
8	Stranger	ostashko400@gmail.com	t	Jhone Brown	MALE	$2a$12$NXUT69sgxvUA7Sr/72OQy.O4qIzh9ES3lf9WW88U1WS57SPMnfO5i	stranger	\N
9	Saber	ostashko40@gmail.com	t	Осташко Марина Васильевна	MALE	$2a$12$7J0WdXwHub0SMR6Q28Z8ROzl0m.3OCRm7VwAxQRQytj8yrmcAJCMK	saber	\N
10	Archer	jsports.team@gmail.com	t	Danny Renson	MALE	$2a$12$SMglu4CKXFfLv.UKX70dOegSZ6LCbg9qzDz9CbIZl/puCLpb37g/O	archer	\N
5	ACupOfTea	ostashko4@gmail.com	t	Осташко Євген Васильович	MALE	$2a$12$qgaaaFEM6fqAWerSOwYfKevw8.4imuO/2mt6/HiiMphlx1H5bTKfe	stalker	\N
23	ACupOfTea	ostashko.yevhen@gmail.com	t	Eugene Ostashko	MALE	$2a$12$Z4xX32XrQHvniLd0iQQmgumLEucmuCB0WjO6rrpX84Zf8hHdHwnxu	purple_ball	\N
\.


--
-- Data for Name: user_entity_contacts; Type: TABLE DATA; Schema: public; Owner: eugene
--

COPY public.user_entity_contacts (user_id, contacts_id) FROM stdin;
\.


--
-- Data for Name: user_entity_event; Type: TABLE DATA; Schema: public; Owner: eugene
--

COPY public.user_entity_event (user_id, id) FROM stdin;
17	9
17	8
17	10
\.


--
-- Data for Name: user_roles; Type: TABLE DATA; Schema: public; Owner: eugene
--

COPY public.user_roles (user_id, roles) FROM stdin;
5	0
7	1
8	1
9	1
10	1
23	1
\.


--
-- Name: hibernate_sequence; Type: SEQUENCE SET; Schema: public; Owner: eugene
--

SELECT pg_catalog.setval('public.hibernate_sequence', 61, true);


--
-- Name: contact_entity contact_entity_pkey; Type: CONSTRAINT; Schema: public; Owner: eugene
--

ALTER TABLE ONLY public.contact_entity
    ADD CONSTRAINT contact_entity_pkey PRIMARY KEY (id);


--
-- Name: event event_pkey; Type: CONSTRAINT; Schema: public; Owner: eugene
--

ALTER TABLE ONLY public.event
    ADD CONSTRAINT event_pkey PRIMARY KEY (id);


--
-- Name: group_admin group_admin_pkey; Type: CONSTRAINT; Schema: public; Owner: eugene
--

ALTER TABLE ONLY public.group_admin
    ADD CONSTRAINT group_admin_pkey PRIMARY KEY (admin_id, id);


--
-- Name: group_entity group_entity_pkey; Type: CONSTRAINT; Schema: public; Owner: eugene
--

ALTER TABLE ONLY public.group_entity
    ADD CONSTRAINT group_entity_pkey PRIMARY KEY (id);


--
-- Name: group_user group_user_pkey; Type: CONSTRAINT; Schema: public; Owner: eugene
--

ALTER TABLE ONLY public.group_user
    ADD CONSTRAINT group_user_pkey PRIMARY KEY (user_id, id);


--
-- Name: token_blacklist token_blacklist_pkey; Type: CONSTRAINT; Schema: public; Owner: eugene
--

ALTER TABLE ONLY public.token_blacklist
    ADD CONSTRAINT token_blacklist_pkey PRIMARY KEY (id);


--
-- Name: user_entity uk_2jsk4eakd0rmvybo409wgwxuw; Type: CONSTRAINT; Schema: public; Owner: eugene
--

ALTER TABLE ONLY public.user_entity
    ADD CONSTRAINT uk_2jsk4eakd0rmvybo409wgwxuw UNIQUE (username);


--
-- Name: user_entity uk_4xad1enskw4j1t2866f7sodrx; Type: CONSTRAINT; Schema: public; Owner: eugene
--

ALTER TABLE ONLY public.user_entity
    ADD CONSTRAINT uk_4xad1enskw4j1t2866f7sodrx UNIQUE (email);


--
-- Name: user_entity_contacts user_entity_contacts_pkey; Type: CONSTRAINT; Schema: public; Owner: eugene
--

ALTER TABLE ONLY public.user_entity_contacts
    ADD CONSTRAINT user_entity_contacts_pkey PRIMARY KEY (user_id, contacts_id);


--
-- Name: user_entity_event user_entity_event_pkey; Type: CONSTRAINT; Schema: public; Owner: eugene
--

ALTER TABLE ONLY public.user_entity_event
    ADD CONSTRAINT user_entity_event_pkey PRIMARY KEY (user_id, id);


--
-- Name: user_entity user_entity_pkey; Type: CONSTRAINT; Schema: public; Owner: eugene
--

ALTER TABLE ONLY public.user_entity
    ADD CONSTRAINT user_entity_pkey PRIMARY KEY (id);


--
-- Name: token_blacklist fk32f68egf19iuhqycb9bkbh5at; Type: FK CONSTRAINT; Schema: public; Owner: eugene
--

ALTER TABLE ONLY public.token_blacklist
    ADD CONSTRAINT fk32f68egf19iuhqycb9bkbh5at FOREIGN KEY (user_id) REFERENCES public.user_entity(id);


--
-- Name: user_roles fk6y02653x6ebhsu2plf21ard62; Type: FK CONSTRAINT; Schema: public; Owner: eugene
--

ALTER TABLE ONLY public.user_roles
    ADD CONSTRAINT fk6y02653x6ebhsu2plf21ard62 FOREIGN KEY (user_id) REFERENCES public.user_entity(id);


--
-- Name: group_user fk87eg2b7qrteyud625p5d3d3no; Type: FK CONSTRAINT; Schema: public; Owner: eugene
--

ALTER TABLE ONLY public.group_user
    ADD CONSTRAINT fk87eg2b7qrteyud625p5d3d3no FOREIGN KEY (id) REFERENCES public.user_entity(id);


--
-- Name: user_entity_event fk9p13qqm7lxue7g0yy8g8yfkl9; Type: FK CONSTRAINT; Schema: public; Owner: eugene
--

ALTER TABLE ONLY public.user_entity_event
    ADD CONSTRAINT fk9p13qqm7lxue7g0yy8g8yfkl9 FOREIGN KEY (user_id) REFERENCES public.event(id);


--
-- Name: group_user fkab9avuigqal9jtmrghwch02jw; Type: FK CONSTRAINT; Schema: public; Owner: eugene
--

ALTER TABLE ONLY public.group_user
    ADD CONSTRAINT fkab9avuigqal9jtmrghwch02jw FOREIGN KEY (user_id) REFERENCES public.group_entity(id);


--
-- Name: contact_entity fke3neid54axsilgm6lenmlvc5e; Type: FK CONSTRAINT; Schema: public; Owner: eugene
--

ALTER TABLE ONLY public.contact_entity
    ADD CONSTRAINT fke3neid54axsilgm6lenmlvc5e FOREIGN KEY (receiver_id) REFERENCES public.user_entity(id);


--
-- Name: user_entity_contacts fkjp0x2dndefsck9c74yx6wmpsr; Type: FK CONSTRAINT; Schema: public; Owner: eugene
--

ALTER TABLE ONLY public.user_entity_contacts
    ADD CONSTRAINT fkjp0x2dndefsck9c74yx6wmpsr FOREIGN KEY (contacts_id) REFERENCES public.user_entity(id);


--
-- Name: user_entity_event fkl1niev4g4sqf7c08iwia92h38; Type: FK CONSTRAINT; Schema: public; Owner: eugene
--

ALTER TABLE ONLY public.user_entity_event
    ADD CONSTRAINT fkl1niev4g4sqf7c08iwia92h38 FOREIGN KEY (id) REFERENCES public.user_entity(id);


--
-- Name: group_admin fkn3yybd23autxc2m4ayh5gv7p5; Type: FK CONSTRAINT; Schema: public; Owner: eugene
--

ALTER TABLE ONLY public.group_admin
    ADD CONSTRAINT fkn3yybd23autxc2m4ayh5gv7p5 FOREIGN KEY (admin_id) REFERENCES public.group_entity(id);


--
-- Name: user_entity_contacts fkraxh76r880jgn6sfkq7cf8y6u; Type: FK CONSTRAINT; Schema: public; Owner: eugene
--

ALTER TABLE ONLY public.user_entity_contacts
    ADD CONSTRAINT fkraxh76r880jgn6sfkq7cf8y6u FOREIGN KEY (user_id) REFERENCES public.user_entity(id);


--
-- Name: group_admin fks846qel5x56rdfgglwy0w30om; Type: FK CONSTRAINT; Schema: public; Owner: eugene
--

ALTER TABLE ONLY public.group_admin
    ADD CONSTRAINT fks846qel5x56rdfgglwy0w30om FOREIGN KEY (id) REFERENCES public.user_entity(id);


--
-- Name: contact_entity fksm80nglvu22944hvt9heduqe1; Type: FK CONSTRAINT; Schema: public; Owner: eugene
--

ALTER TABLE ONLY public.contact_entity
    ADD CONSTRAINT fksm80nglvu22944hvt9heduqe1 FOREIGN KEY (sender_id) REFERENCES public.user_entity(id);


--
-- PostgreSQL database dump complete
--

